epoch,train_loss,val_loss
1,0.038765715729614,0.009642863772061071
2,0.015209422208983633,0.00909028265462046
3,0.011588167843316956,0.004817308563305757
4,0.01068711993141359,0.011899249927841374
5,0.010852403726811524,0.008576387972810117
